{
  "title": "Employee resource",
  "description": "Employee resource object",
  "type": "object",
  "properties": {
    "id": {
      "description": "employee id",
      "type": "integer"
    },
    "first_name": {
      "description": "first name",
      "type": "string",
      "minLength": 1,
      "maxLength": 255
    },
    "last_name": {
      "description": "last name",
      "type": "string",
      "minLength": 1,
      "maxLength": 255
    },
    "date_of_birth": {
      "description": "date of birth",
      "type": "string",
      "format": "date"
    },
    "address": {
      "type": "object",
      "properties": {
        "line1": {
          "type": "string",
          "minLength": 1,
          "maxLength": 255
        },
        "line2": {
          "type": "string",
          "minLength": 1,
          "maxLength": 255
        },
        "city": {
          "type": "string",
          "minLength": 1,
          "maxLength": 255
        },
        "state": {
          "type": "string",
          "minLength": 1,
          "maxLength": 255
        },
        "zip_code": {
          "type": "string",
          "minLength": 1,
          "maxLength": 255
        },
        "country": {
          "type": "string",
          "minLength": 1,
          "maxLength": 255
        }
      },
      "required": [
        "line1",
        "city",
        "state",
        "zip_code",
        "country"
      ]
    }
  },
  "required": [
    "first_name",
    "last_name",
    "date_of_birth"
  ]
}